slice,dataset,split,system,temporal_mode,presence_stratum,task,selection_mode,nominal_budget,threshold,frames,independent_units,independent_unit_type,failures,failure_prevalence,reviewed_frames,review_fraction,caught_failures,failure_capture,review_precision,false_referrals,remaining_failures,residual_failure_rate_all_frames,auroc,auprc
cvc_sali_full,CVC-ClinicDB-VideoProbe,test,SALI,causal_previous_neighbor_raw,lesion present,positive_lesion_preservation,exact_rank,0.01,,612,29,sequence,56,0.0915032679738562,7,0.011437908496732025,3,0.05357142857142857,0.42857142857142855,4,53,0.08660130718954248,0.7665724563206577,0.2761741659063136
cvc_sali_full,CVC-ClinicDB-VideoProbe,test,SALI,causal_previous_neighbor_raw,lesion present,positive_lesion_preservation,frozen_sun_entropy_threshold,0.01,0.13528396,612,29,sequence,56,0.0915032679738562,1,0.0016339869281045752,1,0.017857142857142856,1.0,0,55,0.08986928104575163,0.7665724563206577,0.2761741659063136
cvc_sali_full,CVC-ClinicDB-VideoProbe,test,SALI,causal_previous_neighbor_raw,lesion present,positive_lesion_preservation,exact_rank,0.05,,612,29,sequence,56,0.0915032679738562,31,0.05065359477124183,10,0.17857142857142858,0.3225806451612903,21,46,0.07516339869281045,0.7665724563206577,0.2761741659063136
cvc_sali_full,CVC-ClinicDB-VideoProbe,test,SALI,causal_previous_neighbor_raw,lesion present,positive_lesion_preservation,frozen_sun_entropy_threshold,0.05,0.09579211,612,29,sequence,56,0.0915032679738562,2,0.0032679738562091504,2,0.03571428571428571,1.0,0,54,0.08823529411764706,0.7665724563206577,0.2761741659063136
cvc_sali_full,CVC-ClinicDB-VideoProbe,test,SALI,causal_previous_neighbor_raw,lesion present,positive_lesion_preservation,exact_rank,0.1,,612,29,sequence,56,0.0915032679738562,62,0.10130718954248366,16,0.2857142857142857,0.25806451612903225,46,40,0.06535947712418301,0.7665724563206577,0.2761741659063136
cvc_sali_full,CVC-ClinicDB-VideoProbe,test,SALI,causal_previous_neighbor_raw,lesion present,positive_lesion_preservation,frozen_sun_entropy_threshold,0.1,0.07180122,612,29,sequence,56,0.0915032679738562,5,0.008169934640522876,3,0.05357142857142857,0.6,2,53,0.08660130718954248,0.7665724563206577,0.2761741659063136
cvc_sali_full,CVC-ClinicDB-VideoProbe,test,SALI,causal_previous_neighbor_raw,lesion present,positive_lesion_preservation,exact_rank,0.2,,612,29,sequence,56,0.0915032679738562,123,0.20098039215686275,26,0.4642857142857143,0.21138211382113822,97,30,0.049019607843137254,0.7665724563206577,0.2761741659063136
cvc_sali_full,CVC-ClinicDB-VideoProbe,test,SALI,causal_previous_neighbor_raw,lesion present,positive_lesion_preservation,frozen_sun_entropy_threshold,0.2,0.04186127,612,29,sequence,56,0.0915032679738562,17,0.027777777777777776,8,0.14285714285714285,0.47058823529411764,9,48,0.0784313725490196,0.7665724563206577,0.2761741659063136
cvc_sali_full,CVC-ClinicDB-VideoProbe,test,SALI,official_future_neighbor_parity,lesion present,positive_lesion_preservation,exact_rank,0.01,,612,29,sequence,54,0.08823529411764706,7,0.011437908496732025,3,0.05555555555555555,0.42857142857142855,4,51,0.08333333333333333,0.7556418425594053,0.23979660350660315
cvc_sali_full,CVC-ClinicDB-VideoProbe,test,SALI,official_future_neighbor_parity,lesion present,positive_lesion_preservation,exact_rank,0.05,,612,29,sequence,54,0.08823529411764706,31,0.05065359477124183,8,0.14814814814814814,0.25806451612903225,23,46,0.07516339869281045,0.7556418425594053,0.23979660350660315
cvc_sali_full,CVC-ClinicDB-VideoProbe,test,SALI,official_future_neighbor_parity,lesion present,positive_lesion_preservation,exact_rank,0.1,,612,29,sequence,54,0.08823529411764706,62,0.10130718954248366,14,0.25925925925925924,0.22580645161290322,48,40,0.06535947712418301,0.7556418425594053,0.23979660350660315
cvc_sali_full,CVC-ClinicDB-VideoProbe,test,SALI,official_future_neighbor_parity,lesion present,positive_lesion_preservation,exact_rank,0.2,,612,29,sequence,54,0.08823529411764706,123,0.20098039215686275,26,0.48148148148148145,0.21138211382113822,97,28,0.0457516339869281,0.7556418425594053,0.23979660350660315
cvc_sam2_independent_test,CVC-ClinicDB-VideoProbe,test,SAM2-SQA,offline_symmetric_sqa,lesion present,positive_lesion_preservation,exact_rank,0.01,,62,3,sequence,7,0.11290322580645161,1,0.016129032258064516,0,0.0,0.0,1,7,0.11290322580645161,0.8987012987012988,0.3969405594405595
cvc_sam2_independent_test,CVC-ClinicDB-VideoProbe,test,SAM2-SQA,offline_symmetric_sqa,lesion present,positive_lesion_preservation,exact_rank,0.05,,62,3,sequence,7,0.11290322580645161,4,0.06451612903225806,1,0.14285714285714285,0.25,3,6,0.0967741935483871,0.8987012987012988,0.3969405594405595
cvc_sam2_independent_test,CVC-ClinicDB-VideoProbe,test,SAM2-SQA,offline_symmetric_sqa,lesion present,positive_lesion_preservation,exact_rank,0.1,,62,3,sequence,7,0.11290322580645161,7,0.11290322580645161,2,0.2857142857142857,0.2857142857142857,5,5,0.08064516129032258,0.8987012987012988,0.3969405594405595
cvc_sam2_independent_test,CVC-ClinicDB-VideoProbe,test,SAM2-SQA,offline_symmetric_sqa,lesion present,positive_lesion_preservation,exact_rank,0.2,,62,3,sequence,7,0.11290322580645161,13,0.20967741935483872,6,0.8571428571428571,0.46153846153846156,7,1,0.016129032258064516,0.8987012987012988,0.3969405594405595
cvc_sam2_train_overlap,CVC-ClinicDB-VideoProbe,test,SAM2-SQA,offline_symmetric_sqa,lesion present,positive_lesion_preservation,exact_rank,0.01,,488,22,sequence,0,0.0,5,0.010245901639344262,0,0.0,0.0,5,0,0.0,,
cvc_sam2_train_overlap,CVC-ClinicDB-VideoProbe,test,SAM2-SQA,offline_symmetric_sqa,lesion present,positive_lesion_preservation,exact_rank,0.05,,488,22,sequence,0,0.0,25,0.05122950819672131,0,0.0,0.0,25,0,0.0,,
cvc_sam2_train_overlap,CVC-ClinicDB-VideoProbe,test,SAM2-SQA,offline_symmetric_sqa,lesion present,positive_lesion_preservation,exact_rank,0.1,,488,22,sequence,0,0.0,49,0.10040983606557377,0,0.0,0.0,49,0,0.0,,
cvc_sam2_train_overlap,CVC-ClinicDB-VideoProbe,test,SAM2-SQA,offline_symmetric_sqa,lesion present,positive_lesion_preservation,exact_rank,0.2,,488,22,sequence,0,0.0,98,0.20081967213114754,0,0.0,0.0,98,0,0.0,,
cvc_sam2_val_overlap,CVC-ClinicDB-VideoProbe,test,SAM2-SQA,offline_symmetric_sqa,lesion present,positive_lesion_preservation,exact_rank,0.01,,62,4,sequence,2,0.03225806451612903,1,0.016129032258064516,0,0.0,0.0,1,2,0.03225806451612903,0.8083333333333333,0.14761904761904762
cvc_sam2_val_overlap,CVC-ClinicDB-VideoProbe,test,SAM2-SQA,offline_symmetric_sqa,lesion present,positive_lesion_preservation,exact_rank,0.05,,62,4,sequence,2,0.03225806451612903,4,0.06451612903225806,0,0.0,0.0,4,2,0.03225806451612903,0.8083333333333333,0.14761904761904762
cvc_sam2_val_overlap,CVC-ClinicDB-VideoProbe,test,SAM2-SQA,offline_symmetric_sqa,lesion present,positive_lesion_preservation,exact_rank,0.1,,62,4,sequence,2,0.03225806451612903,7,0.11290322580645161,1,0.5,0.14285714285714285,6,1,0.016129032258064516,0.8083333333333333,0.14761904761904762
cvc_sam2_val_overlap,CVC-ClinicDB-VideoProbe,test,SAM2-SQA,offline_symmetric_sqa,lesion present,positive_lesion_preservation,exact_rank,0.2,,62,4,sequence,2,0.03225806451612903,13,0.20967741935483872,1,0.5,0.07692307692307693,12,1,0.016129032258064516,0.8083333333333333,0.14761904761904762
polypgen_test,PolypGen-Video,test,SALI,causal_previous_neighbor_raw,no lesion,negative_false_positive,exact_rank,0.01,,647,4,sequence,647,1.0,7,0.010819165378670788,7,0.010819165378670788,1.0,0,640,0.9891808346213292,,
polypgen_test,PolypGen-Video,test,SALI,causal_previous_neighbor_raw,no lesion,negative_false_positive,frozen_sun_entropy_threshold,0.01,0.13528396,647,4,sequence,647,1.0,12,0.01854714064914992,12,0.01854714064914992,1.0,0,635,0.98145285935085,,
polypgen_test,PolypGen-Video,test,SALI,causal_previous_neighbor_raw,no lesion,negative_false_positive,exact_rank,0.05,,647,4,sequence,647,1.0,33,0.05100463678516229,33,0.05100463678516229,1.0,0,614,0.9489953632148377,,
polypgen_test,PolypGen-Video,test,SALI,causal_previous_neighbor_raw,no lesion,negative_false_positive,frozen_sun_entropy_threshold,0.05,0.09579211,647,4,sequence,647,1.0,60,0.09273570324574962,60,0.09273570324574962,1.0,0,587,0.9072642967542504,,
polypgen_test,PolypGen-Video,test,SALI,causal_previous_neighbor_raw,no lesion,negative_false_positive,exact_rank,0.1,,647,4,sequence,647,1.0,65,0.10046367851622875,65,0.10046367851622875,1.0,0,582,0.8995363214837713,,
polypgen_test,PolypGen-Video,test,SALI,causal_previous_neighbor_raw,no lesion,negative_false_positive,frozen_sun_entropy_threshold,0.1,0.07180122,647,4,sequence,647,1.0,122,0.18856259659969088,122,0.18856259659969088,1.0,0,525,0.8114374034003091,,
polypgen_test,PolypGen-Video,test,SALI,causal_previous_neighbor_raw,no lesion,negative_false_positive,exact_rank,0.2,,647,4,sequence,647,1.0,130,0.2009273570324575,130,0.2009273570324575,1.0,0,517,0.7990726429675425,,
polypgen_test,PolypGen-Video,test,SALI,causal_previous_neighbor_raw,no lesion,negative_false_positive,frozen_sun_entropy_threshold,0.2,0.04186127,647,4,sequence,647,1.0,264,0.4080370942812983,264,0.4080370942812983,1.0,0,383,0.5919629057187017,,
polypgen_test,PolypGen-Video,test,SALI,causal_previous_neighbor_raw,lesion present,positive_lesion_preservation,exact_rank,0.01,,478,2,sequence,94,0.19665271966527198,5,0.010460251046025104,1,0.010638297872340425,0.2,4,93,0.19456066945606695,0.7552637411347518,0.3281863991933351
polypgen_test,PolypGen-Video,test,SALI,causal_previous_neighbor_raw,lesion present,positive_lesion_preservation,frozen_sun_entropy_threshold,0.01,0.13528396,478,2,sequence,94,0.19665271966527198,2,0.0041841004184100415,1,0.010638297872340425,0.5,1,93,0.19456066945606695,0.7552637411347518,0.3281863991933351
polypgen_test,PolypGen-Video,test,SALI,causal_previous_neighbor_raw,lesion present,positive_lesion_preservation,exact_rank,0.05,,478,2,sequence,94,0.19665271966527198,24,0.0502092050209205,5,0.05319148936170213,0.20833333333333334,19,89,0.18619246861924685,0.7552637411347518,0.3281863991933351
polypgen_test,PolypGen-Video,test,SALI,causal_previous_neighbor_raw,lesion present,positive_lesion_preservation,frozen_sun_entropy_threshold,0.05,0.09579211,478,2,sequence,94,0.19665271966527198,10,0.02092050209205021,2,0.02127659574468085,0.2,8,92,0.19246861924686193,0.7552637411347518,0.3281863991933351
polypgen_test,PolypGen-Video,test,SALI,causal_previous_neighbor_raw,lesion present,positive_lesion_preservation,exact_rank,0.1,,478,2,sequence,94,0.19665271966527198,48,0.100418410041841,15,0.1595744680851064,0.3125,33,79,0.16527196652719664,0.7552637411347518,0.3281863991933351
polypgen_test,PolypGen-Video,test,SALI,causal_previous_neighbor_raw,lesion present,positive_lesion_preservation,frozen_sun_entropy_threshold,0.1,0.07180122,478,2,sequence,94,0.19665271966527198,39,0.08158995815899582,12,0.1276595744680851,0.3076923076923077,27,82,0.17154811715481172,0.7552637411347518,0.3281863991933351
polypgen_test,PolypGen-Video,test,SALI,causal_previous_neighbor_raw,lesion present,positive_lesion_preservation,exact_rank,0.2,,478,2,sequence,94,0.19665271966527198,96,0.200836820083682,33,0.35106382978723405,0.34375,63,61,0.12761506276150628,0.7552637411347518,0.3281863991933351
polypgen_test,PolypGen-Video,test,SALI,causal_previous_neighbor_raw,lesion present,positive_lesion_preservation,frozen_sun_entropy_threshold,0.2,0.04186127,478,2,sequence,94,0.19665271966527198,164,0.34309623430962344,53,0.5638297872340425,0.3231707317073171,111,41,0.08577405857740586,0.7552637411347518,0.3281863991933351
polypgen_test,PolypGen-Video,test,SALI,official_future_neighbor_parity,no lesion,negative_false_positive,exact_rank,0.01,,647,4,sequence,647,1.0,7,0.010819165378670788,7,0.010819165378670788,1.0,0,640,0.9891808346213292,,
polypgen_test,PolypGen-Video,test,SALI,official_future_neighbor_parity,no lesion,negative_false_positive,exact_rank,0.05,,647,4,sequence,647,1.0,33,0.05100463678516229,33,0.05100463678516229,1.0,0,614,0.9489953632148377,,
polypgen_test,PolypGen-Video,test,SALI,official_future_neighbor_parity,no lesion,negative_false_positive,exact_rank,0.1,,647,4,sequence,647,1.0,65,0.10046367851622875,65,0.10046367851622875,1.0,0,582,0.8995363214837713,,
polypgen_test,PolypGen-Video,test,SALI,official_future_neighbor_parity,no lesion,negative_false_positive,exact_rank,0.2,,647,4,sequence,647,1.0,130,0.2009273570324575,130,0.2009273570324575,1.0,0,517,0.7990726429675425,,
polypgen_test,PolypGen-Video,test,SALI,official_future_neighbor_parity,lesion present,positive_lesion_preservation,exact_rank,0.01,,478,2,sequence,89,0.18619246861924685,5,0.010460251046025104,1,0.011235955056179775,0.2,4,88,0.18410041841004185,0.7695618266370123,0.32621077536565457
polypgen_test,PolypGen-Video,test,SALI,official_future_neighbor_parity,lesion present,positive_lesion_preservation,exact_rank,0.05,,478,2,sequence,89,0.18619246861924685,24,0.0502092050209205,6,0.06741573033707865,0.25,18,83,0.17364016736401675,0.7695618266370123,0.32621077536565457
polypgen_test,PolypGen-Video,test,SALI,official_future_neighbor_parity,lesion present,positive_lesion_preservation,exact_rank,0.1,,478,2,sequence,89,0.18619246861924685,48,0.100418410041841,15,0.16853932584269662,0.3125,33,74,0.15481171548117154,0.7695618266370123,0.32621077536565457
polypgen_test,PolypGen-Video,test,SALI,official_future_neighbor_parity,lesion present,positive_lesion_preservation,exact_rank,0.2,,478,2,sequence,89,0.18619246861924685,96,0.200836820083682,34,0.38202247191011235,0.3541666666666667,62,55,0.11506276150627615,0.7695618266370123,0.32621077536565457
sam2_polypgen_test,PolypGen-Video,test,SAM2-SQA,offline_symmetric_sqa,no lesion,negative_false_positive,exact_rank,0.01,,84,4,sequence,64,0.7619047619047619,1,0.011904761904761904,0,0.0,0.0,1,64,0.7619047619047619,0.0,0.5574270695496106
sam2_polypgen_test,PolypGen-Video,test,SAM2-SQA,offline_symmetric_sqa,no lesion,negative_false_positive,exact_rank,0.05,,84,4,sequence,64,0.7619047619047619,5,0.05952380952380952,0,0.0,0.0,5,64,0.7619047619047619,0.0,0.5574270695496106
sam2_polypgen_test,PolypGen-Video,test,SAM2-SQA,offline_symmetric_sqa,no lesion,negative_false_positive,exact_rank,0.1,,84,4,sequence,64,0.7619047619047619,9,0.10714285714285714,0,0.0,0.0,9,64,0.7619047619047619,0.0,0.5574270695496106
sam2_polypgen_test,PolypGen-Video,test,SAM2-SQA,offline_symmetric_sqa,no lesion,negative_false_positive,exact_rank,0.2,,84,4,sequence,64,0.7619047619047619,17,0.20238095238095238,0,0.0,0.0,17,64,0.7619047619047619,0.0,0.5574270695496106
sam2_polypgen_test,PolypGen-Video,test,SAM2-SQA,offline_symmetric_sqa,lesion present,positive_lesion_preservation,exact_rank,0.01,,42,2,sequence,3,0.07142857142857142,1,0.023809523809523808,0,0.0,0.0,1,3,0.07142857142857142,0.8034188034188035,0.20740740740740743
sam2_polypgen_test,PolypGen-Video,test,SAM2-SQA,offline_symmetric_sqa,lesion present,positive_lesion_preservation,exact_rank,0.05,,42,2,sequence,3,0.07142857142857142,3,0.07142857142857142,0,0.0,0.0,3,3,0.07142857142857142,0.8034188034188035,0.20740740740740743
sam2_polypgen_test,PolypGen-Video,test,SAM2-SQA,offline_symmetric_sqa,lesion present,positive_lesion_preservation,exact_rank,0.1,,42,2,sequence,3,0.07142857142857142,5,0.11904761904761904,1,0.3333333333333333,0.2,4,2,0.047619047619047616,0.8034188034188035,0.20740740740740743
sam2_polypgen_test,PolypGen-Video,test,SAM2-SQA,offline_symmetric_sqa,lesion present,positive_lesion_preservation,exact_rank,0.2,,42,2,sequence,3,0.07142857142857142,9,0.21428571428571427,2,0.6666666666666666,0.2222222222222222,7,1,0.023809523809523808,0.8034188034188035,0.20740740740740743
sam2_sun_easy_unseen,SUN-SEG,test_easy_unseen,SAM2-SQA,offline_symmetric_sqa,lesion present,positive_lesion_preservation,exact_rank,0.01,,819,39,case,132,0.16117216117216118,9,0.01098901098901099,9,0.06818181818181818,1.0,0,123,0.15018315018315018,0.966818843456398,0.8873449248653621
sam2_sun_easy_unseen,SUN-SEG,test_easy_unseen,SAM2-SQA,offline_symmetric_sqa,lesion present,positive_lesion_preservation,exact_rank,0.05,,819,39,case,132,0.16117216117216118,41,0.050061050061050064,41,0.3106060606060606,1.0,0,91,0.1111111111111111,0.966818843456398,0.8873449248653621
sam2_sun_easy_unseen,SUN-SEG,test_easy_unseen,SAM2-SQA,offline_symmetric_sqa,lesion present,positive_lesion_preservation,exact_rank,0.1,,819,39,case,132,0.16117216117216118,82,0.10012210012210013,79,0.5984848484848485,0.9634146341463414,3,53,0.06471306471306472,0.966818843456398,0.8873449248653621
sam2_sun_easy_unseen,SUN-SEG,test_easy_unseen,SAM2-SQA,offline_symmetric_sqa,lesion present,positive_lesion_preservation,exact_rank,0.2,,819,39,case,132,0.16117216117216118,164,0.20024420024420025,109,0.8257575757575758,0.6646341463414634,55,23,0.028083028083028084,0.966818843456398,0.8873449248653621
sam2_sun_hard_unseen,SUN-SEG,test_hard_unseen,SAM2-SQA,offline_symmetric_sqa,lesion present,positive_lesion_preservation,exact_rank,0.01,,546,26,case,46,0.08424908424908426,6,0.01098901098901099,6,0.13043478260869565,1.0,0,40,0.07326007326007326,0.9374782608695652,0.6969545349458512
sam2_sun_hard_unseen,SUN-SEG,test_hard_unseen,SAM2-SQA,offline_symmetric_sqa,lesion present,positive_lesion_preservation,exact_rank,0.05,,546,26,case,46,0.08424908424908426,28,0.05128205128205128,23,0.5,0.8214285714285714,5,23,0.04212454212454213,0.9374782608695652,0.6969545349458512
sam2_sun_hard_unseen,SUN-SEG,test_hard_unseen,SAM2-SQA,offline_symmetric_sqa,lesion present,positive_lesion_preservation,exact_rank,0.1,,546,26,case,46,0.08424908424908426,55,0.10073260073260074,27,0.5869565217391305,0.4909090909090909,28,19,0.0347985347985348,0.9374782608695652,0.6969545349458512
sam2_sun_hard_unseen,SUN-SEG,test_hard_unseen,SAM2-SQA,offline_symmetric_sqa,lesion present,positive_lesion_preservation,exact_rank,0.2,,546,26,case,46,0.08424908424908426,110,0.20146520146520147,41,0.8913043478260869,0.37272727272727274,69,5,0.009157509157509158,0.9374782608695652,0.6969545349458512
sam2_sun_negative_case1_train,SUN-SEG,train,SAM2-SQA,offline_symmetric_sqa,no lesion,negative_false_positive,exact_rank,0.01,,21,1,case,19,0.9047619047619048,1,0.047619047619047616,0,0.0,0.0,1,19,0.9047619047619048,0.0,0.7741727679197126
sam2_sun_negative_case1_train,SUN-SEG,train,SAM2-SQA,offline_symmetric_sqa,no lesion,negative_false_positive,exact_rank,0.05,,21,1,case,19,0.9047619047619048,2,0.09523809523809523,0,0.0,0.0,2,19,0.9047619047619048,0.0,0.7741727679197126
sam2_sun_negative_case1_train,SUN-SEG,train,SAM2-SQA,offline_symmetric_sqa,no lesion,negative_false_positive,exact_rank,0.1,,21,1,case,19,0.9047619047619048,3,0.14285714285714285,1,0.05263157894736842,0.3333333333333333,2,18,0.8571428571428571,0.0,0.7741727679197126
sam2_sun_negative_case1_train,SUN-SEG,train,SAM2-SQA,offline_symmetric_sqa,no lesion,negative_false_positive,exact_rank,0.2,,21,1,case,19,0.9047619047619048,5,0.23809523809523808,3,0.15789473684210525,0.6,2,16,0.7619047619047619,0.0,0.7741727679197126
sam2_sun_negative_case2_val,SUN-SEG,val,SAM2-SQA,offline_symmetric_sqa,no lesion,negative_false_positive,exact_rank,0.01,,74,1,case,41,0.5540540540540541,1,0.013513513513513514,0,0.0,0.0,1,41,0.5540540540540541,0.0,0.3567220888086488
sam2_sun_negative_case2_val,SUN-SEG,val,SAM2-SQA,offline_symmetric_sqa,no lesion,negative_false_positive,exact_rank,0.05,,74,1,case,41,0.5540540540540541,4,0.05405405405405406,0,0.0,0.0,4,41,0.5540540540540541,0.0,0.3567220888086488
sam2_sun_negative_case2_val,SUN-SEG,val,SAM2-SQA,offline_symmetric_sqa,no lesion,negative_false_positive,exact_rank,0.1,,74,1,case,41,0.5540540540540541,8,0.10810810810810811,0,0.0,0.0,8,41,0.5540540540540541,0.0,0.3567220888086488
sam2_sun_negative_case2_val,SUN-SEG,val,SAM2-SQA,offline_symmetric_sqa,no lesion,negative_false_positive,exact_rank,0.2,,74,1,case,41,0.5540540540540541,15,0.20270270270270271,0,0.0,0.0,15,41,0.5540540540540541,0.0,0.3567220888086488
sam2_sun_negative_case3_test,SUN-SEG,test,SAM2-SQA,offline_symmetric_sqa,no lesion,negative_false_positive,exact_rank,0.01,,28,1,case,21,0.75,1,0.03571428571428571,0,0.0,0.0,1,21,0.75,0.0,0.5552287012969248
sam2_sun_negative_case3_test,SUN-SEG,test,SAM2-SQA,offline_symmetric_sqa,no lesion,negative_false_positive,exact_rank,0.05,,28,1,case,21,0.75,2,0.07142857142857142,0,0.0,0.0,2,21,0.75,0.0,0.5552287012969248
sam2_sun_negative_case3_test,SUN-SEG,test,SAM2-SQA,offline_symmetric_sqa,no lesion,negative_false_positive,exact_rank,0.1,,28,1,case,21,0.75,3,0.10714285714285714,0,0.0,0.0,3,21,0.75,0.0,0.5552287012969248
sam2_sun_negative_case3_test,SUN-SEG,test,SAM2-SQA,offline_symmetric_sqa,no lesion,negative_false_positive,exact_rank,0.2,,28,1,case,21,0.75,6,0.21428571428571427,0,0.0,0.0,6,21,0.75,0.0,0.5552287012969248
sun_easy_unseen,SUN-SEG,test_easy_unseen,SALI,causal_previous_neighbor_raw,lesion present,positive_lesion_preservation,exact_rank,0.01,,12351,39,case,1495,0.12104283054003724,124,0.010039672900979678,79,0.05284280936454849,0.6370967741935484,45,1416,0.1146465873208647,0.7619793810367647,0.3868809400719345
sun_easy_unseen,SUN-SEG,test_easy_unseen,SALI,causal_previous_neighbor_raw,lesion present,positive_lesion_preservation,frozen_sun_entropy_threshold,0.01,0.13528396,12351,39,case,1495,0.12104283054003724,109,0.008825196340377298,71,0.04749163879598662,0.6513761467889908,38,1424,0.11529430815318598,0.7619793810367647,0.3868809400719345
sun_easy_unseen,SUN-SEG,test_easy_unseen,SALI,causal_previous_neighbor_raw,lesion present,positive_lesion_preservation,exact_rank,0.05,,12351,39,case,1495,0.12104283054003724,618,0.050036434296818075,313,0.2093645484949833,0.5064724919093851,305,1182,0.09570075297546757,0.7619793810367647,0.3868809400719345
sun_easy_unseen,SUN-SEG,test_easy_unseen,SALI,causal_previous_neighbor_raw,lesion present,positive_lesion_preservation,frozen_sun_entropy_threshold,0.05,0.09579211,12351,39,case,1495,0.12104283054003724,248,0.020079345801959355,148,0.09899665551839465,0.5967741935483871,100,1347,0.10905999514209376,0.7619793810367647,0.3868809400719345
sun_easy_unseen,SUN-SEG,test_easy_unseen,SALI,causal_previous_neighbor_raw,lesion present,positive_lesion_preservation,exact_rank,0.1,,12351,39,case,1495,0.12104283054003724,1236,0.10007286859363615,538,0.35986622073578595,0.43527508090614886,698,957,0.07748360456643187,0.7619793810367647,0.3868809400719345
sun_easy_unseen,SUN-SEG,test_easy_unseen,SALI,causal_previous_neighbor_raw,lesion present,positive_lesion_preservation,frozen_sun_entropy_threshold,0.1,0.07180122,12351,39,case,1495,0.12104283054003724,430,0.034814994737268234,231,0.15451505016722408,0.5372093023255814,199,1264,0.10233989150676058,0.7619793810367647,0.3868809400719345
sun_easy_unseen,SUN-SEG,test_easy_unseen,SALI,causal_previous_neighbor_raw,lesion present,positive_lesion_preservation,exact_rank,0.2,,12351,39,case,1495,0.12104283054003724,2471,0.20006477208323212,916,0.6127090301003344,0.3707001214083367,1555,579,0.04687879523925188,0.7619793810367647,0.3868809400719345
sun_easy_unseen,SUN-SEG,test_easy_unseen,SALI,causal_previous_neighbor_raw,lesion present,positive_lesion_preservation,frozen_sun_entropy_threshold,0.2,0.04186127,12351,39,case,1495,0.12104283054003724,1022,0.08274633632904219,456,0.30501672240802674,0.4461839530332681,566,1039,0.08412274309772488,0.7619793810367647,0.3868809400719345
sun_easy_unseen,SUN-SEG,test_easy_unseen,SALI,official_future_neighbor_parity,lesion present,positive_lesion_preservation,exact_rank,0.01,,12351,39,case,1505,0.12185248158043883,124,0.010039672900979678,80,0.053156146179401995,0.6451612903225806,44,1425,0.11537527325722613,0.7655725000505414,0.38947859975441357
sun_easy_unseen,SUN-SEG,test_easy_unseen,SALI,official_future_neighbor_parity,lesion present,positive_lesion_preservation,exact_rank,0.05,,12351,39,case,1505,0.12185248158043883,618,0.050036434296818075,321,0.21328903654485049,0.5194174757281553,297,1184,0.09586268318354789,0.7655725000505414,0.38947859975441357
sun_easy_unseen,SUN-SEG,test_easy_unseen,SALI,official_future_neighbor_parity,lesion present,positive_lesion_preservation,exact_rank,0.1,,12351,39,case,1505,0.12185248158043883,1236,0.10007286859363615,537,0.3568106312292359,0.4344660194174757,699,968,0.07837422071087362,0.7655725000505414,0.38947859975441357
sun_easy_unseen,SUN-SEG,test_easy_unseen,SALI,official_future_neighbor_parity,lesion present,positive_lesion_preservation,exact_rank,0.2,,12351,39,case,1505,0.12185248158043883,2471,0.20006477208323212,927,0.6159468438538206,0.3751517604208822,1544,578,0.04679783013521172,0.7655725000505414,0.38947859975441357
sun_hard_unseen,SUN-SEG,test_hard_unseen,SALI,causal_previous_neighbor_raw,lesion present,positive_lesion_preservation,exact_rank,0.01,,8640,26,case,1086,0.12569444444444444,87,0.010069444444444445,55,0.05064456721915286,0.632183908045977,32,1031,0.1193287037037037,0.7449760740470943,0.35547303845276
sun_hard_unseen,SUN-SEG,test_hard_unseen,SALI,causal_previous_neighbor_raw,lesion present,positive_lesion_preservation,frozen_sun_entropy_threshold,0.01,0.13528396,8640,26,case,1086,0.12569444444444444,22,0.0025462962962962965,16,0.014732965009208104,0.7272727272727273,6,1070,0.12384259259259259,0.7449760740470943,0.35547303845276
sun_hard_unseen,SUN-SEG,test_hard_unseen,SALI,causal_previous_neighbor_raw,lesion present,positive_lesion_preservation,exact_rank,0.05,,8640,26,case,1086,0.12569444444444444,432,0.05,231,0.212707182320442,0.5347222222222222,201,855,0.09895833333333333,0.7449760740470943,0.35547303845276
sun_hard_unseen,SUN-SEG,test_hard_unseen,SALI,causal_previous_neighbor_raw,lesion present,positive_lesion_preservation,frozen_sun_entropy_threshold,0.05,0.09579211,8640,26,case,1086,0.12569444444444444,101,0.011689814814814814,64,0.058931860036832415,0.6336633663366337,37,1022,0.11828703703703704,0.7449760740470943,0.35547303845276
sun_hard_unseen,SUN-SEG,test_hard_unseen,SALI,causal_previous_neighbor_raw,lesion present,positive_lesion_preservation,exact_rank,0.1,,8640,26,case,1086,0.12569444444444444,864,0.1,377,0.34714548802946593,0.4363425925925926,487,709,0.08206018518518518,0.7449760740470943,0.35547303845276
sun_hard_unseen,SUN-SEG,test_hard_unseen,SALI,causal_previous_neighbor_raw,lesion present,positive_lesion_preservation,frozen_sun_entropy_threshold,0.1,0.07180122,8640,26,case,1086,0.12569444444444444,237,0.027430555555555555,139,0.1279926335174954,0.5864978902953587,98,947,0.10960648148148149,0.7449760740470943,0.35547303845276
sun_hard_unseen,SUN-SEG,test_hard_unseen,SALI,causal_previous_neighbor_raw,lesion present,positive_lesion_preservation,exact_rank,0.2,,8640,26,case,1086,0.12569444444444444,1728,0.2,535,0.49263351749539597,0.30960648148148145,1193,551,0.06377314814814815,0.7449760740470943,0.35547303845276
sun_hard_unseen,SUN-SEG,test_hard_unseen,SALI,causal_previous_neighbor_raw,lesion present,positive_lesion_preservation,frozen_sun_entropy_threshold,0.2,0.04186127,8640,26,case,1086,0.12569444444444444,566,0.06550925925925925,291,0.26795580110497236,0.5141342756183745,275,795,0.0920138888888889,0.7449760740470943,0.35547303845276
sun_hard_unseen,SUN-SEG,test_hard_unseen,SALI,official_future_neighbor_parity,lesion present,positive_lesion_preservation,exact_rank,0.01,,8640,26,case,1098,0.12708333333333333,87,0.010069444444444445,54,0.04918032786885246,0.6206896551724138,33,1044,0.12083333333333333,0.7484386162444772,0.36852149820012875
sun_hard_unseen,SUN-SEG,test_hard_unseen,SALI,official_future_neighbor_parity,lesion present,positive_lesion_preservation,exact_rank,0.05,,8640,26,case,1098,0.12708333333333333,432,0.05,232,0.21129326047358835,0.5370370370370371,200,866,0.10023148148148148,0.7484386162444772,0.36852149820012875
sun_hard_unseen,SUN-SEG,test_hard_unseen,SALI,official_future_neighbor_parity,lesion present,positive_lesion_preservation,exact_rank,0.1,,8640,26,case,1098,0.12708333333333333,864,0.1,388,0.3533697632058288,0.44907407407407407,476,710,0.08217592592592593,0.7484386162444772,0.36852149820012875
sun_hard_unseen,SUN-SEG,test_hard_unseen,SALI,official_future_neighbor_parity,lesion present,positive_lesion_preservation,exact_rank,0.2,,8640,26,case,1098,0.12708333333333333,1728,0.2,539,0.49089253187613846,0.3119212962962963,1189,559,0.06469907407407408,0.7484386162444772,0.36852149820012875
sun_negative_case1_train,SUN-SEG,train,SALI,causal_previous_neighbor_raw,no lesion,negative_false_positive,exact_rank,0.01,,9961,1,case,9897,0.993574942274872,100,0.010039152695512499,100,0.010104071940992219,1.0,0,9797,0.9835357895793595,0.4906316307972113,0.9949324104361442
sun_negative_case1_train,SUN-SEG,train,SALI,causal_previous_neighbor_raw,no lesion,negative_false_positive,frozen_sun_entropy_threshold,0.01,0.13528396,9961,1,case,9897,0.993574942274872,277,0.02780845296656962,277,0.02798827927654845,1.0,0,9620,0.9657664893083023,0.4906316307972113,0.9949324104361442
sun_negative_case1_train,SUN-SEG,train,SALI,causal_previous_neighbor_raw,no lesion,negative_false_positive,exact_rank,0.05,,9961,1,case,9897,0.993574942274872,499,0.05009537195060737,499,0.05041931898555118,1.0,0,9398,0.9434795703242647,0.4906316307972113,0.9949324104361442
sun_negative_case1_train,SUN-SEG,train,SALI,causal_previous_neighbor_raw,no lesion,negative_false_positive,frozen_sun_entropy_threshold,0.05,0.09579211,9961,1,case,9897,0.993574942274872,1158,0.11625338821403473,1157,0.11690411235727999,0.9991364421416234,1,8740,0.8774219455877924,0.4906316307972113,0.9949324104361442
sun_negative_case1_train,SUN-SEG,train,SALI,causal_previous_neighbor_raw,no lesion,negative_false_positive,exact_rank,0.1,,9961,1,case,9897,0.993574942274872,997,0.10009035237425962,996,0.10063655653228251,0.9989969909729187,1,8901,0.8935849814275675,0.4906316307972113,0.9949324104361442
sun_negative_case1_train,SUN-SEG,train,SALI,causal_previous_neighbor_raw,no lesion,negative_false_positive,frozen_sun_entropy_threshold,0.1,0.07180122,9961,1,case,9897,0.993574942274872,2222,0.22306997289428773,2216,0.2239062342123876,0.9972997299729973,6,7681,0.7711073185423151,0.4906316307972113,0.9949324104361442
sun_negative_case1_train,SUN-SEG,train,SALI,causal_previous_neighbor_raw,no lesion,negative_false_positive,exact_rank,0.2,,9961,1,case,9897,0.993574942274872,1993,0.2000803132215641,1988,0.20086895018692533,0.997491219267436,5,7909,0.7939965866880835,0.4906316307972113,0.9949324104361442
sun_negative_case1_train,SUN-SEG,train,SALI,causal_previous_neighbor_raw,no lesion,negative_false_positive,frozen_sun_entropy_threshold,0.2,0.04186127,9961,1,case,9897,0.993574942274872,4385,0.44021684569822306,4367,0.4412448216631302,0.9958950969213227,18,5530,0.5551651440618411,0.4906316307972113,0.9949324104361442
sun_negative_case1_train,SUN-SEG,train,SALI,official_future_neighbor_parity,no lesion,negative_false_positive,exact_rank,0.01,,9961,1,case,9961,1.0,100,0.010039152695512499,100,0.010039152695512499,1.0,0,9861,0.9899608473044875,,
sun_negative_case1_train,SUN-SEG,train,SALI,official_future_neighbor_parity,no lesion,negative_false_positive,exact_rank,0.05,,9961,1,case,9961,1.0,499,0.05009537195060737,499,0.05009537195060737,1.0,0,9462,0.9499046280493927,,
sun_negative_case1_train,SUN-SEG,train,SALI,official_future_neighbor_parity,no lesion,negative_false_positive,exact_rank,0.1,,9961,1,case,9961,1.0,997,0.10009035237425962,997,0.10009035237425962,1.0,0,8964,0.8999096476257404,,
sun_negative_case1_train,SUN-SEG,train,SALI,official_future_neighbor_parity,no lesion,negative_false_positive,exact_rank,0.2,,9961,1,case,9961,1.0,1993,0.2000803132215641,1993,0.2000803132215641,1.0,0,7968,0.799919686778436,,
sun_negative_case2_val,SUN-SEG,val,SALI,causal_previous_neighbor_raw,no lesion,negative_false_positive,exact_rank,0.01,,10073,1,case,9946,0.9873920381217115,101,0.010026804328402661,101,0.010154836115021115,1.0,0,9845,0.9773652337933089,0.5129344127580273,0.9907572991204512
sun_negative_case2_val,SUN-SEG,val,SALI,causal_previous_neighbor_raw,no lesion,negative_false_positive,frozen_sun_entropy_threshold,0.01,0.13528396,10073,1,case,9946,0.9873920381217115,240,0.023826069691253848,240,0.024130303639654134,1.0,0,9706,0.9635659684304576,0.5129344127580273,0.9907572991204512
sun_negative_case2_val,SUN-SEG,val,SALI,causal_previous_neighbor_raw,no lesion,negative_false_positive,exact_rank,0.05,,10073,1,case,9946,0.9873920381217115,504,0.05003474635163308,504,0.05067363764327368,1.0,0,9442,0.9373572917700784,0.5129344127580273,0.9907572991204512
sun_negative_case2_val,SUN-SEG,val,SALI,causal_previous_neighbor_raw,no lesion,negative_false_positive,frozen_sun_entropy_threshold,0.05,0.09579211,10073,1,case,9946,0.9873920381217115,1154,0.11456368509877891,1154,0.11602654333400363,1.0,0,8792,0.8728283530229326,0.5129344127580273,0.9907572991204512
sun_negative_case2_val,SUN-SEG,val,SALI,causal_previous_neighbor_raw,no lesion,negative_false_positive,exact_rank,0.1,,10073,1,case,9946,0.9873920381217115,1008,0.10006949270326616,1008,0.10134727528654736,1.0,0,8938,0.8873225454184454,0.5129344127580273,0.9907572991204512
sun_negative_case2_val,SUN-SEG,val,SALI,causal_previous_neighbor_raw,no lesion,negative_false_positive,frozen_sun_entropy_threshold,0.1,0.07180122,10073,1,case,9946,0.9873920381217115,2317,0.23002084781097984,2309,0.23215362959983912,0.9965472593871385,8,7637,0.7581653926337735,0.5129344127580273,0.9907572991204512
sun_negative_case2_val,SUN-SEG,val,SALI,causal_previous_neighbor_raw,no lesion,negative_false_positive,exact_rank,0.2,,10073,1,case,9946,0.9873920381217115,2015,0.2000397101161521,2008,0.20189020711843958,0.9965260545905708,7,7938,0.788047255038221,0.5129344127580273,0.9907572991204512
sun_negative_case2_val,SUN-SEG,val,SALI,causal_previous_neighbor_raw,no lesion,negative_false_positive,frozen_sun_entropy_threshold,0.2,0.04186127,10073,1,case,9946,0.9873920381217115,4777,0.4742380621463318,4729,0.4754675246330183,0.9899518526271719,48,5217,0.5179191899136305,0.5129344127580273,0.9907572991204512
sun_negative_case2_val,SUN-SEG,val,SALI,official_future_neighbor_parity,no lesion,negative_false_positive,exact_rank,0.01,,10073,1,case,10073,1.0,101,0.010026804328402661,101,0.010026804328402661,1.0,0,9972,0.9899731956715974,,
sun_negative_case2_val,SUN-SEG,val,SALI,official_future_neighbor_parity,no lesion,negative_false_positive,exact_rank,0.05,,10073,1,case,10073,1.0,504,0.05003474635163308,504,0.05003474635163308,1.0,0,9569,0.9499652536483669,,
sun_negative_case2_val,SUN-SEG,val,SALI,official_future_neighbor_parity,no lesion,negative_false_positive,exact_rank,0.1,,10073,1,case,10073,1.0,1008,0.10006949270326616,1008,0.10006949270326616,1.0,0,9065,0.8999305072967339,,
sun_negative_case2_val,SUN-SEG,val,SALI,official_future_neighbor_parity,no lesion,negative_false_positive,exact_rank,0.2,,10073,1,case,10073,1.0,2015,0.2000397101161521,2015,0.2000397101161521,1.0,0,8058,0.7999602898838479,,
sun_negative_case3_test,SUN-SEG,test,SALI,causal_previous_neighbor_raw,no lesion,negative_false_positive,exact_rank,0.01,,7152,1,case,7119,0.9953859060402684,72,0.010067114093959731,72,0.010113780025284451,1.0,0,7047,0.9853187919463087,0.394820518714324,0.9950255328895622
sun_negative_case3_test,SUN-SEG,test,SALI,causal_previous_neighbor_raw,no lesion,negative_false_positive,frozen_sun_entropy_threshold,0.01,0.13528396,7152,1,case,7119,0.9953859060402684,156,0.02181208053691275,156,0.021913190054782976,1.0,0,6963,0.9735738255033557,0.394820518714324,0.9950255328895622
sun_negative_case3_test,SUN-SEG,test,SALI,causal_previous_neighbor_raw,no lesion,negative_false_positive,exact_rank,0.05,,7152,1,case,7119,0.9953859060402684,358,0.05005592841163311,357,0.05014749262536873,0.9972067039106145,1,6762,0.9454697986577181,0.394820518714324,0.9950255328895622
sun_negative_case3_test,SUN-SEG,test,SALI,causal_previous_neighbor_raw,no lesion,negative_false_positive,frozen_sun_entropy_threshold,0.05,0.09579211,7152,1,case,7119,0.9953859060402684,771,0.1078020134228188,769,0.10802078943671864,0.9974059662775616,2,6350,0.8878635346756152,0.394820518714324,0.9950255328895622
sun_negative_case3_test,SUN-SEG,test,SALI,causal_previous_neighbor_raw,no lesion,negative_false_positive,exact_rank,0.1,,7152,1,case,7119,0.9953859060402684,716,0.10011185682326622,714,0.10029498525073746,0.9972067039106145,2,6405,0.8955536912751678,0.394820518714324,0.9950255328895622
sun_negative_case3_test,SUN-SEG,test,SALI,causal_previous_neighbor_raw,no lesion,negative_false_positive,frozen_sun_entropy_threshold,0.1,0.07180122,7152,1,case,7119,0.9953859060402684,1532,0.21420581655480983,1528,0.21463688720325888,0.9973890339425587,4,5591,0.7817393736017897,0.394820518714324,0.9950255328895622
sun_negative_case3_test,SUN-SEG,test,SALI,causal_previous_neighbor_raw,no lesion,negative_false_positive,exact_rank,0.2,,7152,1,case,7119,0.9953859060402684,1431,0.20008389261744966,1428,0.20058997050147492,0.9979035639412998,3,5691,0.7957214765100671,0.394820518714324,0.9950255328895622
sun_negative_case3_test,SUN-SEG,test,SALI,causal_previous_neighbor_raw,no lesion,negative_false_positive,frozen_sun_entropy_threshold,0.2,0.04186127,7152,1,case,7119,0.9953859060402684,3217,0.44980425055928414,3198,0.449220396123051,0.9940938762822505,19,3921,0.548238255033557,0.394820518714324,0.9950255328895622
sun_negative_case3_test,SUN-SEG,test,SALI,official_future_neighbor_parity,no lesion,negative_false_positive,exact_rank,0.01,,7152,1,case,7152,1.0,72,0.010067114093959731,72,0.010067114093959731,1.0,0,7080,0.9899328859060402,,
sun_negative_case3_test,SUN-SEG,test,SALI,official_future_neighbor_parity,no lesion,negative_false_positive,exact_rank,0.05,,7152,1,case,7152,1.0,358,0.05005592841163311,358,0.05005592841163311,1.0,0,6794,0.9499440715883669,,
sun_negative_case3_test,SUN-SEG,test,SALI,official_future_neighbor_parity,no lesion,negative_false_positive,exact_rank,0.1,,7152,1,case,7152,1.0,716,0.10011185682326622,716,0.10011185682326622,1.0,0,6436,0.8998881431767338,,
sun_negative_case3_test,SUN-SEG,test,SALI,official_future_neighbor_parity,no lesion,negative_false_positive,exact_rank,0.2,,7152,1,case,7152,1.0,1431,0.20008389261744966,1431,0.20008389261744966,1.0,0,5721,0.7999161073825504,,
